reader_id,reader_full_name,email,phone_number
1,"John Smith",john.smith@email.com,1234567890
2,"Emily Johnson",emily.johnson@email.com,1987654321
3,"Michael Davis",michael.davis@email.com,1444777999
4,"Sarah Brown",sarah.brown@email.com,1555666777
5,"Daniel Wilson",daniel.wilson@email.com,1666888999
6,"Olivia Garcia",olivia.garcia@email.com,1777999888
7,"William Miller",william.miller@email.com,1888999777
8,"Sophia Martinez",sophia.martinez@email.com,1999888666
9,"Liam Anderson",liam.anderson@email.com,1000111222
10,"Emma Thompson",emma.thompson@email.com,1222333444
11,"Noah Lee",noah.lee@email.com,1333444555
12,"Ava Hernandez",ava.hernandez@email.com,1444555666
13,"James Taylor",james.taylor@email.com,1555666777
14,"Isabella Clark",isabella.clark@email.com,1666777888
15,"Benjamin Garcia",benjamin.garcia@email.com,1777888999
16,"Mia Wilson",mia.wilson@email.com,1888999111
17,"Ethan Davis",ethan.davis@email.com,1999111222
18,"Charlotte Moore",charlotte.moore@email.com,1222333444
19,"Amelia Rodriguez",amelia.rodriguez@email.com,1333444555
